"nome";"cognome";"email"
"fiorenzo ";"pizza";"fiorenzo.pizza@ict-group.it"
"mario";"rinaldi";"mario.rinaldi@ict-group.it"
"andrea";"montanari";"andrea.montanari@ict-group.it"
"samuele";"pasini";"samuele.pasini@ict-group.it"
"giorgio";"pasqui";"giorgio.pasqui@ict-group.it"
"alessandro";"prandini";"alessandro.prandini@ict-group.it"
"marco";"codeluppi";"marco.codeluppi@ict-group.it"
"marcello";"vitali";"marcello.vitali@ict-group.it "
